{
  "$schema": "https://go.kicad.org/pcm/schemas/v1",
  "name": "Freerouting",
  "description": "Freerouting KiCad integration",
  "description_full": "This is the official KiCad integration for Freerouting, an advanced autorouter.\nIt needs Java JRE 17, download it from https://adoptium.net/temurin/releases .\n",
  "identifier": "app.freerouting.kicad-plugin",
  "type": "plugin",
  "author": {
    "name": "Andras Fuchs",
    "contact": {
      "email": "info@freerouting.app",
      "web": "https://www.freerouting.app/"
    }
  },
  "maintainer": {
    "name": "Andras Fuchs",
    "contact": {
      "email": "info@freerouting.app"
    }
  },
  "license": "GPL-3.0",
  "resources": {
    "Github": "https://github.com/freerouting/freerouting/tree/master/integrations/KiCad"
  },
  "versions": [    
	{
      "version": "1.7.0",
      "status": "stable",
      "kicad_version": "6.0",
      "download_url": "https://github.com/freerouting/freerouting/raw/master/integrations/KiCad/kicad-freerouting-1.7.0.zip"
    }
  ]
}